{
  "Baseline": {
    "0": {
      "mean_entropy": 1.8598832628130912,
      "per_head": [
        1.832,
        1.7259,
        1.8816,
        2.0
      ],
      "mean_max_attn": 0.46782099314033987,
      "per_head_max_attn": [
        0.4736,
        0.4991,
        0.4404,
        0.4583
      ]
    },
    "1": {
      "mean_entropy": 1.9326801258325577,
      "per_head": [
        1.4066,
        1.7248,
        2.405,
        2.1943
      ],
      "mean_max_attn": 0.4691093196719885,
      "per_head_max_attn": [
        0.6216,
        0.507,
        0.2806,
        0.4672
      ]
    },
    "2": {
      "mean_entropy": 2.721894859671593,
      "per_head": [
        2.8897,
        2.0807,
        2.7937,
        3.1235
      ],
      "mean_max_attn": 0.3080258895456791,
      "per_head_max_attn": [
        0.2771,
        0.4533,
        0.2869,
        0.2148
      ]
    },
    "3": {
      "mean_entropy": 2.3820180755853655,
      "per_head": [
        2.7194,
        2.6789,
        2.0321,
        2.0976
      ],
      "mean_max_attn": 0.3944469775259495,
      "per_head_max_attn": [
        0.3249,
        0.3211,
        0.457,
        0.4748
      ]
    }
  },
  "Quartic": {
    "0": {
      "mean_entropy": 0.8975752821564674,
      "per_head": [
        0.846,
        0.9432,
        0.8245,
        0.9766
      ],
      "mean_max_attn": 0.6778997136652469,
      "per_head_max_attn": [
        0.6949,
        0.6568,
        0.7123,
        0.6477
      ]
    },
    "1": {
      "mean_entropy": 1.2480970132350921,
      "per_head": [
        0.8844,
        1.0675,
        1.9709,
        1.0696
      ],
      "mean_max_attn": 0.6265015047043563,
      "per_head_max_attn": [
        0.7488,
        0.6892,
        0.389,
        0.6789
      ]
    },
    "2": {
      "mean_entropy": 2.4888023516535758,
      "per_head": [
        2.4522,
        1.9737,
        2.4806,
        3.0487
      ],
      "mean_max_attn": 0.33312131121754646,
      "per_head_max_attn": [
        0.363,
        0.4549,
        0.3049,
        0.2096
      ]
    },
    "3": {
      "mean_entropy": 2.604790431857109,
      "per_head": [
        3.1473,
        2.1623,
        2.7679,
        2.3417
      ],
      "mean_max_attn": 0.36402929622679947,
      "per_head_max_attn": [
        0.2527,
        0.4541,
        0.3207,
        0.4286
      ]
    }
  }
}