{
  "Baseline": {
    "0": {
      "mean_entropy": 1.9940251964330673,
      "per_head": [
        1.8618,
        1.8504,
        2.1406,
        2.1233
      ],
      "mean_max_attn": 0.46064472541213036,
      "per_head_max_attn": [
        0.4695,
        0.4942,
        0.4189,
        0.46
      ]
    },
    "1": {
      "mean_entropy": 1.5058653616905213,
      "per_head": [
        1.1994,
        1.4024,
        2.1465,
        1.2751
      ],
      "mean_max_attn": 0.5637957441061735,
      "per_head_max_attn": [
        0.6864,
        0.568,
        0.3511,
        0.6497
      ]
    },
    "2": {
      "mean_entropy": 2.4662633758783343,
      "per_head": [
        2.3782,
        2.0513,
        2.2792,
        3.1564
      ],
      "mean_max_attn": 0.37393215399235485,
      "per_head_max_attn": [
        0.3733,
        0.4617,
        0.4274,
        0.2333
      ]
    },
    "3": {
      "mean_entropy": 2.1198671200871466,
      "per_head": [
        2.0582,
        2.5626,
        1.8672,
        1.9914
      ],
      "mean_max_attn": 0.46118861332535743,
      "per_head_max_attn": [
        0.502,
        0.3195,
        0.514,
        0.5093
      ]
    }
  },
  "Quartic": {
    "0": {
      "mean_entropy": 0.8516523942351342,
      "per_head": [
        0.847,
        0.8529,
        0.8165,
        0.8901
      ],
      "mean_max_attn": 0.6932063402235508,
      "per_head_max_attn": [
        0.6905,
        0.6972,
        0.7068,
        0.6784
      ]
    },
    "1": {
      "mean_entropy": 0.9158205790817737,
      "per_head": [
        0.6562,
        0.7756,
        1.3666,
        0.8649
      ],
      "mean_max_attn": 0.7139124995470046,
      "per_head_max_attn": [
        0.8036,
        0.7599,
        0.5578,
        0.7344
      ]
    },
    "2": {
      "mean_entropy": 2.1834478238224984,
      "per_head": [
        2.3757,
        1.6889,
        2.2106,
        2.4585
      ],
      "mean_max_attn": 0.3944952919334173,
      "per_head_max_attn": [
        0.3642,
        0.5248,
        0.3625,
        0.3264
      ]
    },
    "3": {
      "mean_entropy": 2.448729329109192,
      "per_head": [
        3.1961,
        2.1417,
        2.4735,
        1.9836
      ],
      "mean_max_attn": 0.391658932492137,
      "per_head_max_attn": [
        0.2384,
        0.46,
        0.3686,
        0.4997
      ]
    }
  }
}