{
  "42": {
    "baseline": {
      "lambda_max_mean": 7.8906220436096195,
      "lambda_max_sd": 2.4486349006470216,
      "trace_mean": 558.7921875,
      "trace_sd": 32.13000947717385,
      "mean_curvature": 0.0001639647475265566,
      "grad_norm_mean": 0.5406533718109131,
      "n_params": 3408002,
      "n_batches": 5,
      "lambda_max_per_batch": [
        6.2186150550842285,
        7.741241455078125,
        5.828789710998535,
        7.667228698730469,
        11.997235298156738
      ],
      "trace_per_batch": [
        551.7574462890625,
        533.5838623046875,
        527.42578125,
        575.8072509765625,
        605.3865966796875
      ]
    },
    "quartic": {
      "lambda_max_mean": 5.561156940460205,
      "lambda_max_sd": 0.17148506928993448,
      "trace_mean": 491.2700988769531,
      "trace_sd": 11.61416213141231,
      "mean_curvature": 0.00014415193972214604,
      "grad_norm_mean": 0.5153682708740235,
      "n_params": 3408002,
      "n_batches": 5,
      "lambda_max_per_batch": [
        5.333336353302002,
        5.507684707641602,
        5.644334316253662,
        5.525448799133301,
        5.794980525970459
      ],
      "trace_per_batch": [
        472.81787109375,
        489.723876953125,
        491.4473571777344,
        500.85797119140625,
        501.50341796875
      ]
    },
    "delta": {
      "lambda_max_ratio_mean": 0.7482304459292275,
      "lambda_max_ratio_sd": 0.18225648840518566,
      "trace_ratio_mean": 0.880950947904678,
      "trace_ratio_sd": 0.04302306479552879,
      "n_batches_quartic_flatter_trace": 5,
      "n_batches_quartic_flatter_lambda": 5
    }
  },
  "137": {
    "baseline": {
      "lambda_max_mean": 2.4433654308319093,
      "lambda_max_sd": 0.19697329609581626,
      "trace_mean": 101.40888671875,
      "trace_sd": 7.580102416838278,
      "mean_curvature": 2.975611126952097e-05,
      "grad_norm_mean": 0.23668380081653595,
      "n_params": 3408002,
      "n_batches": 5,
      "lambda_max_per_batch": [
        2.4785408973693848,
        2.5418519973754883,
        2.3474104404449463,
        2.683682441711426,
        2.165341377258301
      ],
      "trace_per_batch": [
        109.73612976074219,
        102.68244934082031,
        94.95931243896484,
        107.3267593383789,
        92.33978271484375
      ]
    },
    "quartic": {
      "lambda_max_mean": 2.4228981256484987,
      "lambda_max_sd": 0.5405547005790637,
      "trace_mean": 99.08135375976562,
      "trace_sd": 8.679554992443599,
      "mean_curvature": 2.9073150121322e-05,
      "grad_norm_mean": 0.2220588058233261,
      "n_params": 3408002,
      "n_batches": 5,
      "lambda_max_per_batch": [
        2.480252265930176,
        3.2923498153686523,
        2.399092674255371,
        1.9967973232269287,
        1.9459985494613647
      ],
      "trace_per_batch": [
        105.9356689453125,
        106.9930648803711,
        89.5319595336914,
        103.067138671875,
        89.87893676757812
      ]
    },
    "delta": {
      "lambda_max_ratio_mean": 0.9921435263953786,
      "lambda_max_ratio_sd": 0.20194289573017626,
      "trace_ratio_mean": 0.9767709186782978,
      "trace_ratio_sd": 0.038130758904712896,
      "n_batches_quartic_flatter_trace": 4,
      "n_batches_quartic_flatter_lambda": 2
    }
  }
}