{
  "steps": [
    0,
    500,
    1000,
    1500,
    2000,
    2500,
    3000,
    3500,
    4000,
    4500,
    5000,
    5500,
    6000,
    6500,
    7000,
    7500,
    8000,
    8500,
    9000,
    9500,
    10000,
    11000,
    12000,
    13000,
    14000,
    15000,
    16000,
    17000,
    18000,
    19000,
    20000,
    21000,
    22000,
    23000,
    24000,
    25000,
    26000,
    27000,
    28000,
    29000,
    30000,
    31000,
    32000,
    33000,
    34000,
    35000,
    36000,
    37000,
    38000,
    39000,
    40000,
    41000,
    42000,
    43000,
    44000,
    45000,
    46000,
    47000,
    48000,
    49000,
    50000,
    51000,
    52000,
    53000,
    54000,
    55000,
    56000,
    57000,
    58000,
    59000,
    60000,
    61000,
    62000,
    63000,
    64000,
    65000,
    66000,
    67000,
    68000,
    69000,
    70000,
    71000,
    72000,
    73000,
    74000,
    75000,
    76000,
    77000,
    78000,
    79000,
    80000,
    81000,
    82000,
    83000,
    84000,
    85000,
    86000,
    87000,
    88000,
    89000,
    90000,
    91000,
    92000,
    93000,
    94000,
    95000,
    96000,
    97000,
    98000,
    99000,
    100000
  ],
  "cka_consecutive": [
    1.0,
    0.9989765917251516,
    0.9993884049358298,
    0.9992222086104838,
    0.9994308607773214,
    0.9993901588784541,
    0.9992860136190166,
    0.9992457467247331,
    0.999095651735107,
    0.9991242695611319,
    0.9987441510338871,
    0.9986158950182099,
    0.9989790649239282,
    0.9986353101791214,
    0.9986687094390332,
    0.998424426555971,
    0.9980130658578371,
    0.997351774425103,
    0.9951219659537752,
    0.9977207141053951,
    0.997662798421746,
    0.9951385666259085,
    0.9941877981389963,
    0.9930103395788916,
    0.9921521551977094,
    0.9918936183675177,
    0.989366250032946,
    0.982715484392556,
    0.9889554434160804,
    0.984108347766143,
    0.9829311240083205,
    0.982073797353459,
    0.9782643857725322,
    0.9796727025937414,
    0.9830021986874882,
    0.9781686911062545,
    0.9797284044368381,
    0.9789929330353264,
    0.9767871869405661,
    0.9776062867880155,
    0.9778342225374527,
    0.9772722851079836,
    0.9810700931996975,
    0.9773037249346167,
    0.9792802842895623,
    0.979080018944027,
    0.9768672798001294,
    0.978356392477794,
    0.9772471934572625,
    0.9785534569430288,
    0.9770437364525857,
    0.9789568018474527,
    0.9804635895751367,
    0.9841203154640942,
    0.9808088906095301,
    0.9846289021715366,
    0.9823519772852684,
    0.9848492374761899,
    0.9844705320625599,
    0.9813022378631135,
    0.9843100535705193,
    0.9843326005509628,
    0.9748902875279772,
    0.9835945025921496,
    0.9885546122288174,
    0.9843260118732796,
    0.9873273334656911,
    0.9880972641335797,
    0.9880917734985546,
    0.9773405541523386,
    0.9890381817945537,
    0.990035525040473,
    0.9890944501607182,
    0.9918738636027866,
    0.9902323512856147,
    0.9887030208669708,
    0.9923929588924707,
    0.9904980813487774,
    0.9908163850379416,
    0.991396025450604,
    0.9921665110408114,
    0.9935527193248529,
    0.9930432218685292,
    0.9940187354957903,
    0.9942839734432557,
    0.9942824243430846,
    0.9943827717176977,
    0.9953216418870057,
    0.9951982780958367,
    0.9964403648171162,
    0.9954535754604431,
    0.9965230147575984,
    0.996448754592804,
    0.9966644284043668,
    0.9969546098878168,
    0.9964892163880499,
    0.9970253520190931,
    0.997577276016415,
    0.9973139506601358,
    0.9974140704462804,
    0.9978913536952914,
    0.9979151342792336,
    0.9973900817983877,
    0.9979777078377576,
    0.9979151950558169,
    0.998012996171155,
    0.998124588445457,
    0.9981009172050357,
    0.9983050012351778,
    0.9982717564958454,
    0.9980680243778561
  ],
  "cka_to_final": [
    0.32325154553723306,
    0.33032333398438374,
    0.33602565233624476,
    0.3417352763093399,
    0.3469657089675348,
    0.3516352557299526,
    0.3566900684987169,
    0.36258798168892736,
    0.3682760162064341,
    0.37454531574109695,
    0.3808791114876464,
    0.38806231918496464,
    0.3941914716787597,
    0.40281304614741575,
    0.4100022227793426,
    0.4175499429796595,
    0.42533216541482843,
    0.43319048179280467,
    0.4401247307523856,
    0.4491777377583301,
    0.45796811646279567,
    0.4775184760323271,
    0.4976589465556182,
    0.5198137233939232,
    0.5434688284003596,
    0.5675259732349439,
    0.595059117392032,
    0.6213867038393284,
    0.6473725029440088,
    0.674225669391031,
    0.6929495405325262,
    0.7177732091540577,
    0.7384504654587853,
    0.7525267481076398,
    0.7693804373977307,
    0.784485143855992,
    0.7934555137864912,
    0.8157381452637322,
    0.8237979029648387,
    0.8350212128819221,
    0.8441220728729348,
    0.8508169653127097,
    0.8588415279596874,
    0.8636400515998935,
    0.8725106776240489,
    0.8787712423638505,
    0.8795515067385938,
    0.8879641962861803,
    0.8872139823801678,
    0.8869472247903567,
    0.8928270018481846,
    0.8995474129812412,
    0.9000737813758931,
    0.9038364256365978,
    0.9030820565034532,
    0.9087354897794694,
    0.9122404305365739,
    0.9166774666438828,
    0.915618278279226,
    0.9186339803089036,
    0.9202711283005696,
    0.9225405711178448,
    0.9229181886512768,
    0.9218391925125872,
    0.927205558975078,
    0.9274069272387881,
    0.9337927573753887,
    0.9346443814744271,
    0.9375279393936309,
    0.9421031624636157,
    0.9432900160970338,
    0.9439912421558742,
    0.9474440365989171,
    0.9513387736658934,
    0.9522646953381496,
    0.9526576976064571,
    0.954228335649775,
    0.9567764706922618,
    0.9612364551925797,
    0.9635409998910585,
    0.9658361002915574,
    0.9685917031829328,
    0.9707409746680605,
    0.9716943837949769,
    0.9734206861219924,
    0.9742113536362395,
    0.9758753746061588,
    0.9776194161240096,
    0.9787431152411186,
    0.9798452651851055,
    0.9816928762324845,
    0.9830598856204759,
    0.9842887289102608,
    0.9851983901301611,
    0.9852649250323218,
    0.9865446345631017,
    0.9868276740422216,
    0.9878474772451662,
    0.9887275204138448,
    0.9899349546716958,
    0.9906476937817374,
    0.9914809169160915,
    0.9922712572362294,
    0.9930569945843933,
    0.9935001605536735,
    0.9944750222298736,
    0.9955041662080264,
    0.9962237365781993,
    0.9970911560885083,
    0.9980680243778561,
    0.9999999649744991
  ],