{
  "one": {
    "count": 218105,
    "distinct_followers": 3221,
    "distinct_followers_5plus": 957,
    "top5_frac": 0.7886266094420601,
    "next_word_entropy_bits": 2.885228598064146,
    "top_followers": [
      [
        "day",
        164588
      ],
      [
        "night",
        2640
      ],
      [
        "sunny",
        1858
      ],
      [
        "morning",
        1730
      ],
      [
        "she",
        1174
      ],
      [
        "he",
        1140
      ],
      [
        "her",
        1140
      ],
      [
        "them",
        1039
      ],
      [
        "last",
        1008
      ],
      [
        "one",
        918
      ],
      [
        "his",
        868
      ],
      [
        "time",
        861
      ],
      [
        "they",
        756
      ],
      [
        "two",
        733
      ],
      [
        "could",
        648
      ],
      [
        "it",
        619
      ],
      [
        "lily",
        564
      ],
      [
        "thing",
        440
      ],
      [
        "too",
        433
      ],
      [
        "heard",
        409
      ]
    ]
  },
  "two": {
    "count": 24775,
    "distinct_followers": 1464,
    "distinct_followers_5plus": 401,
    "top5_frac": 0.4850454086781029,
    "next_word_entropy_bits": 6.134426738545338,
    "top_followers": [
      [
        "friends",
        7563
      ],
      [
        "them",
        1795
      ],
      [
        "best",
        1193
      ],
      [
        "three",
        740
      ],
      [
        "children",
        726
      ],
      [
        "pieces",
        464
      ],
      [
        "brothers",
        428
      ],
      [
        "birds",
        391
      ],
      [
        "kids",
        379
      ],
      [
        "people",
        376
      ],
      [
        "boys",
        355
      ],
      [
        "girls",
        219
      ],
      [
        "sisters",
        178
      ],
      [
        "bears",
        153
      ],
      [
        "eyes",
        150
      ],
      [
        "animals",
        146
      ],
      [
        "rocks",
        125
      ],
      [
        "cats",
        117
      ],
      [
        "became",
        112
      ],
      [
        "new",
        110
      ]
    ]
  },
  "three": {
    "count": 14839,
    "distinct_followers": 609,
    "distinct_followers_5plus": 104,
    "top5_frac": 0.8234382370779703,
    "next_word_entropy_bits": 2.9726552059967,
    "top_followers": [
      [
        "years",
        8813
      ],
      [
        "year",
        2530
      ],
      [
        "four",
        449
      ],
      [
        "friends",
        239
      ],
      [
        "she",
        188
      ],
      [
        "them",
        169
      ],
      [
        "times",
        151
      ],
      [
        "he",
        136
      ],
      [
        "then",
        103
      ],
      [
        "they",
        72
      ],
      [
        "children",
        66
      ],
      [
        "one",
        63
      ],
      [
        "loved",
        53
      ],
      [
        "eggs",
        36
      ],
      [
        "wishes",
        35
      ],
      [
        "so",
        35
      ],
      [
        "go",
        34
      ],
      [
        "sides",
        33
      ],
      [
        "kids",
        32
      ],
      [
        "two",
        32
      ]
    ]
  },
  "four": {
    "count": 2021,
    "distinct_followers": 378,
    "distinct_followers_5plus": 64,
    "top5_frac": 0.39238000989609106,
    "next_word_entropy_bits": 6.341306344410084,
    "top_followers": [
      [
        "five",
        338
      ],
      [
        "wheels",
        240
      ],
      [
        "legs",
        104
      ],
      [
        "friends",
        61
      ],
      [
        "years",
        50
      ],
      [
        "they",
        41
      ],
      [
        "candles",
        36
      ],
      [
        "she",
        35
      ],
      [
        "them",
        31
      ],
      [
        "pieces",
        30
      ],
      [
        "doors",
        26
      ],
      [
        "one",
        24
      ],
      [
        "he",
        23
      ],
      [
        "blocks",
        23
      ],
      [
        "leaf",
        23
      ],
      [
        "walls",
        18
      ],
      [
        "sides",
        18
      ],
      [
        "round",
        18
      ],
      [
        "paws",
        17
      ],
      [
        "times",
        15
      ]
    ]
  },
  "five": {
    "count": 1468,
    "distinct_followers": 330,
    "distinct_followers_5plus": 47,
    "top5_frac": 0.36103542234332425,
    "next_word_entropy_bits": 6.487322307506912,
    "top_followers": [
      [
        "six",
        192
      ],
      [
        "minutes",
        142
      ],
      [
        "dollars",
        77
      ],
      [
        "they",
        76
      ],
      [
        "she",
        43
      ],
      [
        "coins",
        42
      ],
      [
        "times",
        27
      ],
      [
        "years",
        27
      ],
      [
        "then",
        24
      ],
      [
        "each",
        23
      ],
      [
        "one",
        21
      ],
      [
        "fingers",
        20
      ],
      [
        "he",
        19
      ],
      [
        "points",
        17
      ],
      [
        "said",
        16
      ],
      [
        "four",
        14
      ],
      [
        "lily",
        13
      ],
      [
        "it",
        13
      ],
      [
        "i",
        12
      ],
      [
        "tom",
        11
      ]
    ]
  },
  "six": {
    "count": 556,
    "distinct_followers": 149,
    "distinct_followers_5plus": 18,
    "top5_frac": 0.49280575539568344,
    "next_word_entropy_bits": 5.1803796840565175,
    "top_followers": [
      [
        "seven",
        170
      ],
      [
        "legs",
        69
      ],
      [
        "she",
        12
      ],
      [
        "he",
        12
      ],
      [
        "six",
        11
      ],
      [
        "blocks",
        9
      ],
      [
        "one",
        9
      ],
      [
        "years",
        8
      ],
      [
        "inches",
        8
      ],
      [
        "five",
        7
      ],
      [
        "strings",
        6
      ],
      [
        "i",
        6
      ],
      [
        "cards",
        6
      ],
      [
        "lily",
        6
      ],
      [
        "o'clock",
        6
      ],
      [
        "coins",
        6
      ],
      [
        "year",
        6
      ],
      [
        "twenty",
        5
      ],
      [
        "thirty",
        4
      ],
      [
        "forty",
        4
      ]
    ]
  },
  "seven": {
    "count": 325,
    "distinct_followers": 77,
    "distinct_followers_5plus": 7,
    "top5_frac": 0.6369230769230769,
    "next_word_entropy_bits": 3.8153585239418444,
    "top_followers": [
      [
        "eight",
        165
      ],
      [
        "seas",
        14
      ],
      [
        "days",
        12
      ],
      [
        "six",
        8
      ],
      [
        "one",
        8
      ],
      [
        "they",
        6
      ],
      [
        "twenty",
        5
      ],
      [
        "thirty",
        4
      ],
      [
        "forty",
        4
      ],
      [
        "times",
        4
      ],
      [
        "years",
        4
      ],
      [
        "i",
        3
      ],
      [
        "it",
        3
      ],
      [
        "fifty",
        3
      ],
      [
        "blocks",
        3
      ],
      [
        "flowers",
        2
      ],
      [
        "bottles",
        2
      ],
      [
        "cards",
        2
      ],
      [
        "number",
        2
      ],
      [
        "sam",
        2
      ]
    ]
  },
  "eight": {
    "count": 437,
    "distinct_followers": 73,
    "distinct_followers_5plus": 12,
    "top5_frac": 0.6842105263157895,
    "next_word_entropy_bits": 3.9206690111543305,