{
  "vocab": 256,
  "dim": 256,
  "displacement_magnitude": {
    "min": 10.041862487792969,
    "median": 12.651983261108398,
    "mean": 12.605131149291992,
    "max": 14.251141548156738,
    "std": 0.613030731678009
  },
  "translation_fraction": 0.0037627017591148615,
  "participation_ratio": 127.60336303710938,
  "top_eigenvalues": [
    2.4301822185516357,
    2.3723995685577393,
    2.284433126449585,
    2.266005754470825,
    2.215271472930908,
    2.1549339294433594,
    2.1100001335144043,
    2.0942819118499756,
    2.0766751766204834,
    2.005467653274536
  ],
  "explained_variance_top_k": [
    0.015254403464496136,
    0.014891698025166988,
    0.014339527115225792,
    0.014223857782781124,
    0.01390539575368166,
    0.013526652939617634,
    0.013244600966572762,
    0.013145936653017998,
    0.013035417534410954,
    0.012588444165885448
  ],
  "cumulative_variance_top_k": [
    0.015254403464496136,
    0.030146101489663124,
    0.044485628604888916,
    0.058709487318992615,
    0.072614885866642,
    0.08614154160022736,
    0.09938614070415497,
    0.11253207921981812,
    0.1255674958229065,
    0.13815593719482422
  ],
  "cumvar_at": {
    "k=1": 0.015254403464496136,
    "k=3": 0.044485628604888916,
    "k=5": 0.072614885866642,
    "k=10": 0.13815593719482422,
    "k=20": 0.2562607228755951,
    "k=50": 0.527410626411438
  }
}