method,seed,val_bpb,init_loss,init_bpb,final_train_loss,total_steps,wall_time_s,init_wall_time_s,train_wall_time_s,total_flops,ca_flops,peak_memory_mb,init_weight_std,init_head_diversity,init_block_diag_ratio,init_layer_similarity,vs_baseline_pct
default,42,4.7986775239320245,5.545656204223633,8.000499459600789,3.3496384620666504,74,30.010578870773315,0.0,30.010578870773315,24791496916992.0,0.0,6023.1875,0.038119357673387075,0.9995294728617107,0.2499159046434317,-0.0009982300592431177,1.322642606389228
grid_ca,42,5.7350921583304135,5.543255805969238,7.997313423666004,4.024013519287109,54,30.32840585708618,8.580000877380371,21.74840497970581,18093273466112.0,2181121280.0,6023.1875,0.02242871709489103,0.9997649064694997,0.259804818942965,0.0037493491545319557,-17.93327135871974
