method,seed,val_bpb,init_loss,init_bpb,final_train_loss,total_steps,wall_time_s,init_wall_time_s,train_wall_time_s,total_flops,ca_flops,peak_memory_mb,init_weight_std,init_head_diversity,init_block_diag_ratio,init_layer_similarity,vs_baseline_pct,repetition_3gram,unique_token_ratio,self_perplexity
default,42,4.8247763498208585,5.545656204223633,8.000499459600789,3.38870906829834,73,30.236467838287354,0.0,30.236467838287354,24456476688384.0,0.0,6027.515625,0.038119357673387075,0.9995294728617107,0.2499159046434317,-0.0009982300592431177,0.7859607483268338,0.0,1.0,27.59622573852539
xavier,42,4.779687658244156,5.5437493324279785,7.997739940640144,3.3367292881011963,74,30.259990692138672,0.04514575004577637,30.214844942092896,24791496916992.0,0.0,6027.515625,0.08247545040373144,0.9980202020165355,0.24961906312567964,1.9264737299333017e-05,1.7131397285636336,0.0,0.9761904761904762,26.032134373982746
