method,seed,val_bpb,init_loss,init_bpb,final_train_loss,total_steps,wall_time_s,peak_memory_mb,init_weight_std,init_head_diversity,init_block_diag_ratio,init_layer_similarity
default,42,4.883888965369317,5.545656204223633,8.000499459600789,3.416121482849121,71,30.379364013671875,6946.65625,0.038119357673387075,0.9995294728617107,0.2499159046434317,-0.0009982300592431177
xavier,42,5.163201746396883,5.5437493324279785,7.997739940640144,3.621001958847046,64,30.143006801605225,6946.65625,0.08247545040373144,0.9980202020165355,0.24961906312567964,1.9264737299333017e-05
