{
  "xavier_d4_0min": {
    "mean": 4.862997602165958,
    "std": 0.0,
    "seeds": 1
  },
  "xavier_d4_2min": {
    "mean": 2.0749823297070864,
    "std": 0.014419940869319718,
    "seeds": 3
  }
}
